date_time	B.1	B.1.1	B.1.1.306	B.1.1.7	B.1.311	B.1.351	B.1.36.29	B.1.525	B.1.617	B.1.617.1	B.1.617.2	B.1.617.3	B.1.618	Other	source
2020-03-15T00:00:00.000Z	0.118181818	0.045454545	0.009090909	0	0	0	0	0	0	0	0	0	0	0.827272727	
2020-03-16T00:00:00.000Z	0.122807018	0.052631579	0.00877193	0	0	0	0	0	0	0	0	0	0	0.815789474	
2020-03-17T00:00:00.000Z	0.146788991	0.055045872	0.009174312	0	0	0	0	0	0	0	0	0	0	0.788990826	
2020-03-18T00:00:00.000Z	0.146551724	0.051724138	0.00862069	0	0	0	0	0	0	0	0	0	0	0.793103448	
2020-03-19T00:00:00.000Z	0.149122807	0.070175439	0.00877193	0	0	0	0	0	0	0	0	0	0	0.771929825	
2020-03-20T00:00:00.000Z	0.133928571	0.080357143	0.008928571	0	0	0	0	0	0	0	0	0	0	0.776785714	
2020-03-21T00:00:00.000Z	0.130434783	0.095652174	0.008695652	0	0	0	0	0	0	0	0	0	0	0.765217391	
2020-03-22T00:00:00.000Z	0.205882353	0.205882353	0	0	0	0	0	0	0	0	0	0	0	0.588235294	
2020-03-23T00:00:00.000Z	0.28125	0.1875	0	0	0	0	0	0	0	0	0	0	0	0.53125	
2020-03-24T00:00:00.000Z	0.259259259	0.222222222	0.037037037	0	0	0	0	0	0	0	0	0	0	0.481481481	
2020-03-25T00:00:00.000Z	0.217391304	0.260869565	0.043478261	0	0	0	0	0	0	0	0	0	0	0.47826087	
2020-03-26T00:00:00.000Z	0.178571429	0.178571429	0.035714286	0	0	0	0	0	0	0	0	0	0	0.607142857	
2020-03-27T00:00:00.000Z	0.206896552	0.137931034	0.034482759	0	0	0	0	0	0	0	0	0	0	0.620689655	
2020-03-28T00:00:00.000Z	0.189189189	0.081081081	0.027027027	0	0	0	0	0	0	0	0	0	0	0.702702703	
2020-03-29T00:00:00.000Z	0.122807018	0.052631579	0.01754386	0	0	0	0	0	0	0	0	0	0	0.807017544	
2020-03-29T23:00:00.000Z	0.088235294	0.058823529	0.014705882	0	0	0	0	0	0	0	0	0	0	0.838235294	
2020-03-30T23:00:00.000Z	0.086021505	0.064516129	0	0	0	0	0	0	0	0	0	0	0	0.849462366	
2020-03-31T23:00:00.000Z	0.076923077	0.042735043	0	0	0	0	0	0	0	0	0	0	0	0.88034188	
2020-04-01T23:00:00.000Z	0.090909091	0.03030303	0	0	0	0	0	0	0	0	0	0	0	0.878787879	
2020-04-02T23:00:00.000Z	0.086956522	0.028985507	0	0	0	0	0	0	0	0	0	0	0	0.884057971	
2020-04-03T23:00:00.000Z	0.141843972	0.021276596	0.007092199	0	0	0	0	0	0	0	0	0	0	0.829787234	
2020-04-04T23:00:00.000Z	0.154929577	0.035211268	0.014084507	0	0	0	0	0	0	0	0	0	0	0.795774648	
2020-04-05T23:00:00.000Z	0.159722222	0.041666667	0.027777778	0	0	0	0	0	0	0	0	0	0	0.770833333	
2020-04-06T23:00:00.000Z	0.181818182	0.037878788	0.03030303	0	0	0	0	0	0	0	0	0	0	0.75	
2020-04-07T23:00:00.000Z	0.227272727	0.054545455	0.036363636	0	0	0	0	0	0	0	0	0	0	0.681818182	
2020-04-08T23:00:00.000Z	0.22	0.08	0.04	0	0	0	0	0	0	0	0	0	0	0.66	
2020-04-09T23:00:00.000Z	0.212121212	0.080808081	0.050505051	0	0	0	0	0	0	0	0	0	0	0.656565657	
2020-04-10T23:00:00.000Z	0.153846154	0.087912088	0.043956044	0	0	0	0	0	0	0	0	0	0	0.714285714	
2020-04-11T23:00:00.000Z	0.166666667	0.076923077	0.076923077	0	0	0	0	0	0	0	0	0	0	0.679487179	
2020-04-12T23:00:00.000Z	0.2125	0.0625	0.0875	0	0	0	0	0	0	0	0	0	0	0.6375	
2020-04-13T23:00:00.000Z	0.214285714	0.047619048	0.095238095	0	0	0	0	0	0	0	0	0	0	0.642857143	
2020-04-14T23:00:00.000Z	0.167785235	0.100671141	0.080536913	0	0	0	0	0	0	0	0	0	0	0.651006711	
2020-04-15T23:00:00.000Z	0.180124224	0.080745342	0.093167702	0	0	0	0	0	0	0	0	0	0	0.645962733	
2020-04-16T23:00:00.000Z	0.183544304	0.088607595	0.094936709	0	0	0	0	0	0	0	0	0	0	0.632911392	
2020-04-17T23:00:00.000Z	0.169811321	0.088050314	0.113207547	0	0	0	0	0	0	0	0	0	0	0.628930818	
2020-04-18T23:00:00.000Z	0.190184049	0.085889571	0.134969325	0	0	0	0	0	0	0	0	0	0	0.588957055	
2020-04-19T23:00:00.000Z	0.2	0.08	0.154285714	0	0	0	0	0	0	0	0	0	0	0.565714286	
2020-04-20T23:00:00.000Z	0.2	0.082352941	0.176470588	0	0	0	0	0	0	0	0	0	0	0.541176471	
2020-04-21T23:00:00.000Z	0.238095238	0.019047619	0.276190476	0	0	0	0	0	0	0	0	0	0	0.466666667	
2020-04-22T23:00:00.000Z	0.223404255	0.021276596	0.319148936	0	0	0	0	0	0	0	0	0	0	0.436170213	
2020-04-23T23:00:00.000Z	0.262626263	0.01010101	0.292929293	0	0	0	0	0	0	0	0	0	0	0.434343434	
2020-04-24T23:00:00.000Z	0.298076923	0.009615385	0.269230769	0	0	0	0	0	0	0	0	0	0	0.423076923	
2020-04-25T23:00:00.000Z	0.309734513	0.026548673	0.194690265	0	0	0	0	0	0	0	0	0	0	0.469026549	
2020-04-26T23:00:00.000Z	0.226086957	0.034782609	0.165217391	0	0	0	0	0	0	0	0	0	0	0.573913043	
2020-04-27T23:00:00.000Z	0.254237288	0.042372881	0.152542373	0	0	0	0	0	0	0	0	0	0	0.550847458	
2020-04-28T23:00:00.000Z	0.289473684	0.052631579	0.111842105	0	0	0	0	0	0	0	0	0	0	0.546052632	
2020-04-29T23:00:00.000Z	0.324675325	0.051948052	0.097402597	0	0	0	0	0	0	0	0	0	0	0.525974026	
2020-04-30T23:00:00.000Z	0.318918919	0.059459459	0.091891892	0	0	0	0	0	0	0	0	0	0	0.52972973	
2020-05-01T23:00:00.000Z	0.325471698	0.056603774	0.099056604	0	0	0	0	0	0	0	0	0	0	0.518867925	
2020-05-02T23:00:00.000Z	0.341563786	0.04526749	0.119341564	0	0	0	0	0	0	0	0	0	0	0.49382716	
2020-05-03T23:00:00.000Z	0.369918699	0.036585366	0.117886179	0	0	0	0	0	0	0	0	0	0	0.475609756	
2020-05-04T23:00:00.000Z	0.364341085	0.042635659	0.108527132	0	0	0	0	0	0	0	0	0	0	0.484496124	
2020-05-05T23:00:00.000Z	0.336	0.04	0.112	0	0	0	0	0	0	0	0	0	0	0.512	
2020-05-06T23:00:00.000Z	0.305970149	0.037313433	0.108208955	0	0	0	0	0	0	0	0	0	0	0.548507463	
2020-05-07T23:00:00.000Z	0.286885246	0.036885246	0.131147541	0	0	0	0	0	0	0	0	0	0	0.545081967	
2020-05-08T23:00:00.000Z	0.248927039	0.038626609	0.115879828	0	0	0	0	0	0	0	0	0	0	0.596566524	
2020-05-09T23:00:00.000Z	0.179245283	0.037735849	0.108490566	0	0	0	0	0	0	0	0	0	0	0.674528302	
2020-05-10T23:00:00.000Z	0.136792453	0.047169811	0.108490566	0	0	0	0	0	0	0	0	0	0	0.70754717	
2020-05-11T23:00:00.000Z	0.093333333	0.035555556	0.128888889	0	0	0	0	0	0	0	0	0	0	0.742222222	
2020-05-12T23:00:00.000Z	0.081545064	0.025751073	0.188841202	0	0	0	0	0	0	0	0	0	0	0.703862661	
2020-05-13T23:00:00.000Z	0.11637931	0.030172414	0.211206897	0	0	0	0	0	0	0	0	0	0	0.642241379	
2020-05-14T23:00:00.000Z	0.158640227	0.050991501	0.147308782	0	0	0	0.002832861	0	0	0	0	0	0	0.640226629	
2020-05-15T23:00:00.000Z	0.166204986	0.055401662	0.16066482	0	0	0	0.002770083	0	0	0	0	0	0	0.614958449	
2020-05-16T23:00:00.000Z	0.2	0.054054054	0.154054054	0	0	0	0.002702703	0	0	0	0	0	0	0.589189189	
2020-05-17T23:00:00.000Z	0.190954774	0.045226131	0.145728643	0	0	0	0.002512563	0	0	0	0	0	0	0.615577889	
2020-05-18T23:00:00.000Z	0.202469136	0.054320988	0.135802469	0	0	0	0.002469136	0	0	0	0	0	0	0.604938272	
2020-05-19T23:00:00.000Z	0.221662469	0.057934509	0.115869018	0	0	0	0.005037783	0	0	0	0	0	0	0.599496222	
2020-05-20T23:00:00.000Z	0.203233256	0.053117783	0.133949192	0	0	0	0.004618938	0	0	0	0	0	0	0.605080831	
2020-05-21T23:00:00.000Z	0.193846154	0.04	0.190769231	0	0	0	0.003076923	0	0	0	0	0	0	0.572307692	
2020-05-22T23:00:00.000Z	0.173020528	0.032258065	0.190615836	0	0	0	0.002932551	0	0	0	0	0	0	0.601173021	
2020-05-23T23:00:00.000Z	0.155172414	0.045977011	0.198275862	0	0	0	0.002873563	0	0	0	0	0	0	0.597701149	
2020-05-24T23:00:00.000Z	0.18766756	0.053619303	0.209115282	0	0	0	0.002680965	0	0	0	0	0	0	0.54691689	
2020-05-25T23:00:00.000Z	0.173796791	0.042780749	0.219251337	0	0	0	0.002673797	0	0	0	0	0	0	0.561497326	
2020-05-26T23:00:00.000Z	0.165432099	0.037037037	0.195061728	0	0	0	0	0	0	0	0	0	0	0.602469136	
2020-05-27T23:00:00.000Z	0.143920596	0.037220844	0.183622829	0	0	0	0	0	0	0	0	0	0	0.635235732	
2020-05-28T23:00:00.000Z	0.146766169	0.039800995	0.166666667	0	0	0	0	0	0	0	0	0	0	0.646766169	
2020-05-29T23:00:00.000Z	0.146153846	0.038461538	0.166666667	0	0	0	0	0	0	0	0	0	0	0.648717949	
2020-05-30T23:00:00.000Z	0.131428571	0.037142857	0.168571429	0	0	0	0	0	0	0	0	0	0	0.662857143	
2020-05-31T23:00:00.000Z	0.110344828	0.051724138	0.175862069	0	0	0	0	0	0	0	0	0	0	0.662068966	
2020-06-01T23:00:00.000Z	0.123134328	0.063432836	0.190298507	0	0	0	0	0	0	0	0	0	0	0.623134328	
2020-06-02T23:00:00.000Z	0.126530612	0.073469388	0.191836735	0	0	0	0	0	0	0	0	0	0	0.608163265	
2020-06-03T23:00:00.000Z	0.127853881	0.095890411	0.237442922	0	0	0	0	0	0	0	0	0	0	0.538812785	
2020-06-04T23:00:00.000Z	0.120833333	0.120833333	0.2125	0	0	0	0	0	0	0	0	0	0	0.545833333	
2020-06-05T23:00:00.000Z	0.134529148	0.130044843	0.224215247	0	0	0	0	0	0	0	0	0	0	0.511210762	
2020-06-06T23:00:00.000Z	0.134529148	0.121076233	0.215246637	0	0	0	0	0	0	0	0	0	0	0.529147982	
2020-06-07T23:00:00.000Z	0.115226337	0.102880658	0.185185185	0	0	0	0	0	0	0	0	0	0	0.596707819	
2020-06-08T23:00:00.000Z	0.102040816	0.106122449	0.163265306	0	0	0	0	0	0	0	0	0	0	0.628571429	
2020-06-09T23:00:00.000Z	0.099173554	0.144628099	0.181818182	0	0	0	0	0	0	0	0	0	0	0.574380165	
2020-06-10T23:00:00.000Z	0.124528302	0.124528302	0.154716981	0	0	0	0	0	0	0	0	0	0	0.596226415	
2020-06-11T23:00:00.000Z	0.134948097	0.07266436	0.15916955	0	0	0	0	0	0	0	0	0	0	0.633217993	
2020-06-12T23:00:00.000Z	0.150326797	0.068627451	0.14379085	0	0	0	0	0	0	0	0	0	0	0.637254902	
2020-06-13T23:00:00.000Z	0.150326797	0.065359477	0.147058824	0	0	0	0	0	0	0	0	0	0	0.637254902	
2020-06-14T23:00:00.000Z	0.141129032	0.084677419	0.114919355	0	0	0	0.004032258	0	0	0	0	0	0	0.655241935	
2020-06-15T23:00:00.000Z	0.134653465	0.079207921	0.154455446	0	0	0	0.003960396	0	0	0	0	0	0	0.627722772	
2020-06-16T23:00:00.000Z	0.127886323	0.056838366	0.195381883	0	0	0	0.003552398	0	0	0	0	0	0	0.61634103	
2020-06-17T23:00:00.000Z	0.12106136	0.059701493	0.1973466	0	0	0	0.00331675	0	0	0	0	0	0	0.618573798	
2020-06-18T23:00:00.000Z	0.108581436	0.071803853	0.208406305	0	0	0	0.003502627	0	0	0	0	0	0	0.607705779	
2020-06-19T23:00:00.000Z	0.091370558	0.077834179	0.260575296	0	0	0	0.003384095	0	0	0	0	0	0	0.566835871	
2020-06-20T23:00:00.000Z	0.093062606	0.081218274	0.262267343	0	0	0	0.003384095	0	0	0	0	0	0	0.560067682	
2020-06-21T23:00:00.000Z	0.073490814	0.060367454	0.401574803	0	0	0	0	0	0	0	0	0	0	0.464566929	
2020-06-22T23:00:00.000Z	0.079096045	0.062146893	0.38700565	0	0	0	0	0	0	0	0	0	0	0.471751412	
2020-06-23T23:00:00.000Z	0.0651341	0.076628352	0.390804598	0	0	0	0	0	0	0	0	0	0	0.46743295	
2020-06-24T23:00:00.000Z	0.054455446	0.079207921	0.396039604	0	0	0	0	0	0	0	0	0	0	0.47029703	
2020-06-25T23:00:00.000Z	0.04519774	0.06779661	0.440677966	0	0	0	0	0	0	0	0	0	0	0.446327684	
2020-06-26T23:00:00.000Z	0.056	0.064	0.304	0	0	0	0.008	0	0	0	0	0	0	0.568	
2020-06-27T23:00:00.000Z	0.05	0.05	0.308333333	0	0	0	0.008333333	0	0	0	0	0	0	0.583333333	
2020-06-28T23:00:00.000Z	0.1	0.041666667	0.241666667	0	0	0	0.016666667	0	0	0	0	0	0	0.6	
2020-06-29T23:00:00.000Z	0.114503817	0.030534351	0.175572519	0	0	0	0.053435115	0	0	0	0	0	0	0.625954198	
2020-06-30T23:00:00.000Z	0.114864865	0.033783784	0.175675676	0	0	0	0.094594595	0	0	0	0	0	0	0.581081081	
2020-07-01T23:00:00.000Z	0.115044248	0.026548673	0.221238938	0	0	0	0.14159292	0	0	0	0	0	0	0.495575221	
2020-07-02T23:00:00.000Z	0.126126126	0.036036036	0.225225225	0	0	0	0.144144144	0	0	0	0	0	0	0.468468468	
2020-07-03T23:00:00.000Z	0.126582278	0.018987342	0.17721519	0	0	0	0.215189873	0	0	0	0	0	0	0.462025316	
2020-07-04T23:00:00.000Z	0.123376623	0.019480519	0.175324675	0	0	0	0.220779221	0	0	0	0	0	0	0.461038961	
2020-07-05T23:00:00.000Z	0.11875	0.025	0.1875	0	0	0	0.20625	0	0	0	0	0	0	0.4625	
2020-07-06T23:00:00.000Z	0.12244898	0.034013605	0.224489796	0	0	0	0.19047619	0	0	0	0	0	0	0.428571429	
2020-07-07T23:00:00.000Z	0.111111111	0.027777778	0.298611111	0	0	0	0.145833333	0	0	0	0	0	0	0.416666667	
2020-07-08T23:00:00.000Z	0.104895105	0.027972028	0.307692308	0	0	0	0.132867133	0	0	0	0	0	0	0.426573427	
2020-07-09T23:00:00.000Z	0.1	0.014285714	0.314285714	0	0	0	0.135714286	0	0	0	0	0	0	0.435714286	
2020-07-10T23:00:00.000Z	0.085714286	0.019047619	0.428571429	0	0	0	0	0	0	0	0	0	0	0.466666667	
2020-07-11T23:00:00.000Z	0.08490566	0.018867925	0.424528302	0	0	0	0	0	0	0	0	0	0	0.471698113	
2020-07-12T23:00:00.000Z	0.049382716	0.012345679	0.50617284	0	0	0	0	0	0	0	0	0	0	0.432098765	
2020-07-13T23:00:00.000Z	0.063829787	0.007092199	0.439716312	0	0	0	0	0	0	0	0	0	0	0.489361702	
2020-07-14T23:00:00.000Z	0.075801749	0.06122449	0.192419825	0	0	0	0.005830904	0	0	0	0	0	0	0.664723032	
2020-07-15T23:00:00.000Z	0.076023392	0.061403509	0.204678363	0	0	0	0.005847953	0	0	0	0	0	0	0.652046784	
2020-07-16T23:00:00.000Z	0.076023392	0.061403509	0.201754386	0	0	0	0.005847953	0	0	0	0	0	0	0.65497076	
2020-07-17T23:00:00.000Z	0.088319088	0.062678063	0.210826211	0	0	0	0.005698006	0	0	0	0	0	0	0.632478632	
2020-07-18T23:00:00.000Z	0.090909091	0.063360882	0.228650138	0	0	0	0.005509642	0	0	0	0	0	0	0.611570248	
2020-07-19T23:00:00.000Z	0.095108696	0.0625	0.230978261	0	0	0	0.005434783	0	0	0	0	0	0	0.605978261	
2020-07-20T23:00:00.000Z	0.090614887	0.071197411	0.200647249	0	0	0	0.006472492	0	0	0	0	0	0	0.631067961	
2020-07-21T23:00:00.000Z	0.097345133	0.026548673	0.530973451	0	0	0	0	0	0	0	0	0	0	0.345132743	
2020-07-22T23:00:00.000Z	0.092436975	0.033613445	0.521008403	0	0	0	0	0	0	0	0	0	0	0.352941176	
2020-07-23T23:00:00.000Z	0.09375	0.03125	0.53125	0	0	0	0	0	0	0	0	0	0	0.34375	
2020-07-24T23:00:00.000Z	0.060869565	0.052173913	0.556521739	0	0	0	0.008695652	0	0	0	0	0	0	0.32173913	
2020-07-25T23:00:00.000Z	0.045045045	0.054054054	0.54954955	0	0	0	0.009009009	0	0	0	0	0	0	0.342342342	
2020-07-26T23:00:00.000Z	0.025641026	0.076923077	0.521367521	0	0	0	0.008547009	0	0	0	0	0	0	0.367521368	
2020-07-27T23:00:00.000Z	0.025641026	0.076923077	0.512820513	0	0	0	0.051282051	0	0	0	0	0	0	0.333333333	
2020-07-28T23:00:00.000Z	0.049382716	0.067901235	0.358024691	0	0	0	0.154320988	0	0	0	0	0	0	0.37037037	
2020-07-29T23:00:00.000Z	0.066666667	0.060606061	0.315151515	0	0	0	0.193939394	0	0	0	0	0	0	0.363636364	
2020-07-30T23:00:00.000Z	0.064516129	0.070967742	0.303225806	0	0	0	0.206451613	0	0	0	0	0	0	0.35483871	
2020-07-31T23:00:00.000Z	0.062146893	0.04519774	0.237288136	0	0	0	0.338983051	0	0	0	0	0	0	0.316384181	
2020-08-01T23:00:00.000Z	0.056390977	0.030075188	0.135338346	0	0	0	0.458646617	0	0	0	0	0	0	0.319548872	
2020-08-02T23:00:00.000Z	0.057553957	0.028776978	0.104316547	0	0	0	0.482014388	0	0	0	0	0	0	0.327338129	
2020-08-03T23:00:00.000Z	0.067615658	0.035587189	0.106761566	0	0	0	0.459074733	0	0	0	0	0	0	0.330960854	
2020-08-04T23:00:00.000Z	0.064377682	0.030042918	0.107296137	0	0	0	0.472103004	0	0	0	0	0	0	0.326180258	
2020-08-05T23:00:00.000Z	0.060606061	0.03030303	0.108225108	0	0	0	0.445887446	0	0	0	0	0	0	0.354978355	
2020-08-06T23:00:00.000Z	0.05982906	0.025641026	0.098290598	0	0	0	0.44017094	0	0	0	0	0	0	0.376068376	
2020-08-07T23:00:00.000Z	0.068627451	0.029411765	0.12745098	0	0	0	0.362745098	0	0	0	0	0	0	0.411764706	
2020-08-08T23:00:00.000Z	0.071942446	0.035971223	0.223021583	0	0	0	0.086330935	0	0	0	0	0	0	0.582733813	
2020-08-09T23:00:00.000Z	0.0625	0.048611111	0.3125	0	0	0	0	0	0	0	0	0	0	0.576388889	
2020-08-10T23:00:00.000Z	0.059139785	0.080645161	0.333333333	0	0	0	0	0	0	0	0	0	0	0.52688172	
2020-08-11T23:00:00.000Z	0.087628866	0.077319588	0.288659794	0	0	0	0	0	0	0	0	0	0	0.546391753	
2020-08-12T23:00:00.000Z	0.069444444	0.083333333	0.300925926	0	0	0	0	0	0	0	0	0	0	0.546296296	
2020-08-13T23:00:00.000Z	0.063492063	0.075396825	0.317460317	0	0	0	0	0	0	0	0	0	0	0.543650794	
2020-08-14T23:00:00.000Z	0.07253886	0.098445596	0.227979275	0	0	0	0.012953368	0	0	0	0	0	0	0.588082902	
2020-08-15T23:00:00.000Z	0.077994429	0.108635097	0.236768802	0	0	0	0.013927577	0	0	0	0	0	0	0.562674095	
2020-08-16T23:00:00.000Z	0.082066869	0.103343465	0.227963526	0	0	0	0.018237082	0	0	0	0	0	0	0.568389058	
2020-08-17T23:00:00.000Z	0.079710145	0.086956522	0.206521739	0	0	0	0.02173913	0	0	0	0	0	0	0.605072464	
2020-08-18T23:00:00.000Z	0.061818182	0.087272727	0.229090909	0	0	0	0.025454545	0	0	0	0	0	0	0.596363636	
2020-08-19T23:00:00.000Z	0.071428571	0.088235294	0.218487395	0	0	0	0.029411765	0	0	0	0	0	0	0.592436975	
2020-08-20T23:00:00.000Z	0.081632653	0.102040816	0.18877551	0	0	0	0.035714286	0	0	0	0	0	0	0.591836735	
2020-08-21T23:00:00.000Z	0.051724138	0.017241379	0.465517241	0	0	0	0.034482759	0	0	0	0	0	0	0.431034483	
2020-08-22T23:00:00.000Z	0.057692308	0	0.5	0	0	0	0.038461538	0	0	0	0	0	0	0.403846154	
2020-08-23T23:00:00.000Z	0.055555556	0	0.462962963	0	0	0	0.018518519	0	0	0	0	0	0	0.462962963	
2020-08-24T23:00:00.000Z	0.092105263	0	0.421052632	0	0	0	0.013157895	0	0	0	0	0	0	0.473684211	
2020-08-25T23:00:00.000Z	0.098360656	0	0.442622951	0	0	0	0	0	0	0	0	0	0	0.459016393	
2020-08-26T23:00:00.000Z	0.066666667	0.022222222	0.388888889	0	0	0	0.022222222	0	0	0	0	0	0	0.5	
2020-08-27T23:00:00.000Z	0.055555556	0.027777778	0.333333333	0	0	0	0.027777778	0	0	0	0	0	0	0.555555556	
2020-08-28T23:00:00.000Z	0.051851852	0.02962963	0.348148148	0	0	0	0.022222222	0	0	0	0	0	0	0.548148148	
2020-08-29T23:00:00.000Z	0.046666667	0.026666667	0.32	0	0	0	0.033333333	0	0	0	0	0	0	0.573333333	
2020-08-30T23:00:00.000Z	0.058139535	0.029069767	0.325581395	0	0	0	0.040697674	0	0	0	0	0	0	0.546511628	
2020-08-31T23:00:00.000Z	0.040268456	0.033557047	0.322147651	0	0	0	0.046979866	0	0	0	0	0	0	0.55704698	
2020-09-01T23:00:00.000Z	0.064327485	0.029239766	0.304093567	0	0	0	0.040935673	0	0	0	0	0	0	0.561403509	
2020-09-02T23:00:00.000Z	0.124324324	0.043243243	0.254054054	0	0	0	0.043243243	0	0	0	0	0	0	0.535135135	
2020-09-03T23:00:00.000Z	0.136904762	0.041666667	0.261904762	0	0	0	0.041666667	0	0	0	0	0	0	0.517857143	
2020-09-04T23:00:00.000Z	0.147887324	0.049295775	0.225352113	0	0	0	0.049295775	0	0	0	0	0	0	0.528169014	
2020-09-05T23:00:00.000Z	0.160305344	0.053435115	0.229007634	0	0	0	0.045801527	0	0	0	0	0	0	0.511450382	
2020-09-06T23:00:00.000Z	0.176470588	0.058823529	0.205882353	0	0	0	0.039215686	0	0	0	0	0	0	0.519607843	
2020-09-07T23:00:00.000Z	0.161290323	0.056451613	0.217741935	0	0	0	0.048387097	0	0	0	0	0	0	0.516129032	
2020-09-08T23:00:00.000Z	0.114754098	0.073770492	0.278688525	0	0	0	0.090163934	0	0	0	0	0	0	0.442622951	
2020-09-09T23:00:00.000Z	0.054054054	0.054054054	0.333333333	0	0	0	0.081081081	0	0	0	0	0	0	0.477477477	
2020-09-10T23:00:00.000Z	0.061538462	0.046153846	0.369230769	0	0	0	0.084615385	0	0	0	0	0	0	0.438461538	
2020-09-11T23:00:00.000Z	0.065217391	0.043478261	0.362318841	0	0	0	0.079710145	0	0	0	0	0	0	0.449275362	
2020-09-12T23:00:00.000Z	0.06	0.046666667	0.366666667	0	0	0	0.08	0	0	0	0	0	0	0.446666667	
2020-09-13T23:00:00.000Z	0.051136364	0.039772727	0.403409091	0	0	0	0.073863636	0	0	0	0	0	0	0.431818182	
2020-09-14T23:00:00.000Z	0.07106599	0.07106599	0.385786802	0	0	0	0.07106599	0	0	0	0	0	0	0.401015228	
2020-09-15T23:00:00.000Z	0.087431694	0.06557377	0.387978142	0	0	0	0.054644809	0	0	0	0	0	0	0.404371585	
2020-09-16T23:00:00.000Z	0.071856287	0.065868263	0.437125749	0	0	0	0.071856287	0	0	0	0	0	0	0.353293413	
2020-09-17T23:00:00.000Z	0.060240964	0.072289157	0.463855422	0	0	0	0.060240964	0	0	0	0	0	0	0.343373494	
2020-09-18T23:00:00.000Z	0.060606061	0.072727273	0.484848485	0	0	0	0.078787879	0	0	0	0	0	0	0.303030303	
2020-09-19T23:00:00.000Z	0.06097561	0.079268293	0.493902439	0	0	0	0.091463415	0	0	0	0	0	0	0.274390244	
2020-09-20T23:00:00.000Z	0.067567568	0.108108108	0.459459459	0	0	0	0.108108108	0	0	0	0	0	0	0.256756757	
2020-09-21T23:00:00.000Z	0.025862069	0.077586207	0.50862069	0	0	0	0.155172414	0	0	0	0	0	0	0.232758621	
2020-09-22T23:00:00.000Z	0.009433962	0.094339623	0.490566038	0	0	0	0.160377358	0	0	0	0	0	0	0.245283019	
2020-09-23T23:00:00.000Z	0.009433962	0.132075472	0.452830189	0	0	0	0.150943396	0	0	0	0	0	0	0.254716981	
2020-09-24T23:00:00.000Z	0.01980198	0.148514851	0.376237624	0	0	0	0.178217822	0	0	0	0	0	0	0.277227723	
2020-09-25T23:00:00.000Z	0.009708738	0.155339806	0.359223301	0	0	0	0.184466019	0	0	0	0	0	0	0.291262136	
2020-09-26T23:00:00.000Z	0.021276596	0.14893617	0.329787234	0	0	0	0.159574468	0	0	0	0	0	0	0.340425532	
2020-09-27T23:00:00.000Z	0.017094017	0.153846154	0.358974359	0	0	0	0.11965812	0	0	0	0	0	0	0.35042735	
2020-09-28T23:00:00.000Z	0.037593985	0.142857143	0.390977444	0	0	0	0.090225564	0	0	0	0	0	0	0.338345865	
2020-09-29T23:00:00.000Z	0.062068966	0.124137931	0.344827586	0	0	0	0.082758621	0	0	0	0	0	0	0.386206897	
2020-09-30T23:00:00.000Z	0.082802548	0.095541401	0.292993631	0	0	0	0.095541401	0	0	0	0	0	0	0.433121019	
2020-10-01T23:00:00.000Z	0.089041096	0.095890411	0.267123288	0	0	0	0.109589041	0	0	0	0	0	0	0.438356164	
2020-10-02T23:00:00.000Z	0.08496732	0.091503268	0.248366013	0	0	0	0.130718954	0	0	0	0	0	0	0.444444444	
2020-10-03T23:00:00.000Z	0.075949367	0.094936709	0.278481013	0	0	0	0.132911392	0	0	0	0	0	0	0.417721519	
2020-10-04T23:00:00.000Z	0.102941176	0.080882353	0.235294118	0	0	0	0.161764706	0	0	0	0	0	0	0.419117647	
2020-10-05T23:00:00.000Z	0.087301587	0.111111111	0.166666667	0	0	0	0.182539683	0	0	0	0	0	0	0.452380952	
2020-10-06T23:00:00.000Z	0.058333333	0.125	0.158333333	0	0	0	0.25	0	0	0	0	0	0	0.408333333	
2020-10-07T23:00:00.000Z	0.037037037	0.138888889	0.185185185	0	0	0	0.287037037	0	0	0	0	0	0	0.351851852	
2020-10-08T23:00:00.000Z	0.026785714	0.133928571	0.205357143	0	0	0	0.276785714	0	0	0	0	0	0	0.357142857	
2020-10-09T23:00:00.000Z	0.032608696	0.152173913	0.217391304	0	0	0	0.25	0	0	0	0	0	0	0.347826087	
2020-10-10T23:00:00.000Z	0.032258065	0.139784946	0.193548387	0	0	0	0.290322581	0	0	0	0	0	0	0.344086022	
2020-10-11T23:00:00.000Z	0.012345679	0.135802469	0.172839506	0	0	0	0.308641975	0	0	0	0	0	0	0.37037037	
2020-10-12T23:00:00.000Z	0.012820513	0.102564103	0.153846154	0	0	0	0.333333333	0	0	0	0	0	0	0.397435897	
2020-10-13T23:00:00.000Z	0.014285714	0.114285714	0.185714286	0	0	0	0.285714286	0	0	0	0	0	0	0.4	
2020-10-14T23:00:00.000Z	0.016129032	0.096774194	0.209677419	0	0	0	0.274193548	0	0	0	0	0	0	0.403225806	
2020-10-15T23:00:00.000Z	0.016949153	0.152542373	0.169491525	0	0	0	0.322033898	0	0	0	0	0	0	0.338983051	
2020-10-16T23:00:00.000Z	0.015151515	0.121212121	0.196969697	0	0	0	0.363636364	0	0	0	0	0	0	0.303030303	
2020-10-17T23:00:00.000Z	0.018867925	0.150943396	0.169811321	0	0	0	0.358490566	0	0	0	0	0	0	0.301886792	
2020-10-18T23:00:00.000Z	0.017241379	0.120689655	0.189655172	0	0	0	0.327586207	0	0	0	0	0	0	0.344827586	
2020-10-19T23:00:00.000Z	0.206349206	0.158730159	0.158730159	0	0	0	0.222222222	0	0	0	0	0	0	0.253968254	
2020-10-20T23:00:00.000Z	0.212765957	0.14893617	0.095744681	0	0	0	0.138297872	0	0	0	0	0	0	0.404255319	
2020-10-21T23:00:00.000Z	0.226190476	0.166666667	0.071428571	0	0	0	0.119047619	0	0	0	0	0	0	0.416666667	
2020-10-22T23:00:00.000Z	0.260273973	0.136986301	0.068493151	0	0	0	0.068493151	0	0	0	0	0	0	0.465753425	
2020-10-23T23:00:00.000Z	0.28358209	0.164179104	0.029850746	0	0	0	0	0	0	0	0	0	0	0.52238806	
2020-10-24T23:00:00.000Z	0.271604938	0.135802469	0.024691358	0	0	0	0	0	0	0	0	0	0.086419753	0.481481481	
2020-10-26T00:00:00.000Z	0.276785714	0.142857143	0	0	0	0	0.008928571	0	0	0	0	0	0.125	0.446428571	
2020-10-27T00:00:00.000Z	0.248704663	0.093264249	0	0.054404145	0	0	0.007772021	0	0	0	0	0	0.14507772	0.450777202	
2020-10-28T00:00:00.000Z	0.295857988	0.082840237	0	0.041420118	0	0	0.023668639	0	0	0	0	0	0.165680473	0.390532544	
2020-10-29T00:00:00.000Z	0.282379518	0.079066265	0.045180723	0.026355422	0	0	0.045180723	0	0	0	0	0	0.126506024	0.395331325	
2020-10-30T00:00:00.000Z	0.283822138	0.090823084	0.045411542	0.01986755	0	0	0.045411542	0	0	0	0	0	0.105960265	0.408703879	
2020-10-31T00:00:00.000Z	0.28604119	0.080091533	0.04576659	0.016018307	0	0	0.04576659	0	0	0	0	0	0.091533181	0.434782609	
2020-11-01T00:00:00.000Z	0.246728972	0.112149533	0.044859813	0.013084112	0	0	0.089719626	0	0	0	0	0	0.078504673	0.414953271	
2020-11-02T00:00:00.000Z	0.213114754	0.147540984	0.06557377	0.016393443	0	0	0.114754098	0	0	0	0	0	0.06557377	0.37704918	
2020-11-03T00:00:00.000Z	0.017857143	0.321428571	0.071428571	0	0	0	0.303571429	0	0	0	0	0	0	0.285714286	
2020-11-04T00:00:00.000Z	0.02739726	0.342465753	0.082191781	0	0	0	0.273972603	0	0	0	0	0	0	0.273972603	
2020-11-05T00:00:00.000Z	0.024691358	0.345679012	0.061728395	0	0	0	0.271604938	0	0	0	0	0	0	0.296296296	
2020-11-06T00:00:00.000Z	0.023529412	0.317647059	0.058823529	0	0	0	0.317647059	0	0	0	0	0	0	0.282352941	
2020-11-07T00:00:00.000Z	0.024096386	0.325301205	0.060240964	0	0	0	0.337349398	0	0	0	0	0	0	0.253012048	
2020-11-08T00:00:00.000Z	0.02247191	0.292134831	0.056179775	0	0	0	0.370786517	0	0	0	0	0	0	0.258426966	
2020-11-09T00:00:00.000Z	0.021052632	0.315789474	0.063157895	0	0	0	0.347368421	0	0	0	0	0	0	0.252631579	
2020-11-10T00:00:00.000Z	0.092105263	0.263157895	0.078947368	0	0	0	0.328947368	0	0	0	0	0	0	0.236842105	
2020-11-11T00:00:00.000Z	0.101694915	0.220338983	0.06779661	0	0	0	0.372881356	0	0	0	0	0	0	0.237288136	
2020-11-12T00:00:00.000Z	0.137254902	0.235294118	0.019607843	0	0	0	0.431372549	0	0	0	0	0	0	0.176470588	
2020-11-13T00:00:00.000Z	0.134615385	0.230769231	0.038461538	0	0	0	0.403846154	0	0	0	0	0	0	0.192307692	
2020-11-14T00:00:00.000Z	0.120689655	0.24137931	0.034482759	0	0	0	0.379310345	0	0	0	0	0	0	0.224137931	
2020-11-15T00:00:00.000Z	0.162790698	0.279069767	0.046511628	0	0	0	0.302325581	0	0	0	0	0	0	0.209302326	
2020-11-16T00:00:00.000Z	0.205882353	0.117647059	0.029411765	0	0	0	0.382352941	0	0	0	0	0	0	0.264705882	
2020-11-17T00:00:00.000Z	0.025641026	0.230769231	0.025641026	0	0	0	0.333333333	0	0	0	0	0	0	0.384615385	
2020-11-18T00:00:00.000Z	0.020408163	0.224489796	0.040816327	0	0	0	0.408163265	0	0	0	0	0	0	0.306122449	
2020-11-19T00:00:00.000Z	0	0.183673469	0.081632653	0	0	0	0.367346939	0	0	0	0	0	0	0.367346939	
2020-11-20T00:00:00.000Z	0	0.209302326	0.069767442	0	0	0	0.325581395	0	0	0	0	0	0	0.395348837	
2020-11-21T00:00:00.000Z	0	0.183673469	0.224489796	0	0	0	0.244897959	0	0	0	0	0	0	0.346938776	
2020-11-22T00:00:00.000Z	0	0.176470588	0.235294118	0	0	0	0.235294118	0	0	0	0	0	0	0.352941176	
2020-11-23T00:00:00.000Z	0.045454545	0.181818182	0.272727273	0	0	0	0.196969697	0	0	0	0	0	0	0.303030303	
2020-11-24T00:00:00.000Z	0.084337349	0.13253012	0.240963855	0	0	0	0.180722892	0	0	0	0	0	0	0.361445783	
2020-11-25T00:00:00.000Z	0.079545455	0.136363636	0.215909091	0	0	0	0.125	0	0	0	0	0	0	0.443181818	
2020-11-26T00:00:00.000Z	0.080808081	0.161616162	0.191919192	0	0	0	0.101010101	0	0	0	0	0	0	0.464646465	
2020-11-27T00:00:00.000Z	0.09375	0.1328125	0.1875	0.015625	0	0	0.109375	0	0	0	0	0	0	0.4609375	
2020-11-28T00:00:00.000Z	0.1	0.138461538	0.138461538	0.023076923	0	0	0.115384615	0	0	0	0	0	0	0.484615385	
2020-11-29T00:00:00.000Z	0.097902098	0.132867133	0.118881119	0.020979021	0	0	0.111888112	0	0	0	0	0	0	0.517482517	
2020-11-30T00:00:00.000Z	0.1	0.106666667	0.086666667	0.02	0	0	0.106666667	0	0	0	0	0	0	0.58	
2020-12-01T00:00:00.000Z	0.075949367	0.101265823	0.088607595	0.018987342	0	0	0.088607595	0	0	0.044303797	0	0	0	0.582278481	
2020-12-02T00:00:00.000Z	0.086153846	0.086153846	0.129230769	0.018461538	0	0	0.098461538	0	0	0.021538462	0	0	0	0.56	
2020-12-03T00:00:00.000Z	0.09561753	0.09561753	0.113545817	0.017928287	0	0	0.119521912	0	0	0.013944223	0	0	0	0.543824701	
2020-12-04T00:00:00.000Z	0.101426307	0.12044374	0.095087163	0.006339144	0	0	0.101426307	0	0	0.011093502	0	0	0	0.564183835	
2020-12-05T00:00:00.000Z	0.091575092	0.097680098	0.103785104	0	0	0	0.134310134	0	0	0.017094017	0	0	0	0.555555556	
2020-12-06T00:00:00.000Z	0.083168317	0.112871287	0.118811881	0	0	0	0.148514851	0	0	0.013861386	0	0	0	0.522772277	
2020-12-07T00:00:00.000Z	0.067484663	0.122699387	0.128834356	0	0	0	0.153374233	0	0	0.018404908	0	0	0	0.509202454	
2020-12-08T00:00:00.000Z	0.070063694	0.127388535	0.121019108	0	0	0	0.23566879	0	0	0.012738854	0	0	0	0.433121019	
2020-12-09T00:00:00.000Z	0.073170732	0.12804878	0.085365854	0	0	0	0.262195122	0	0	0.012195122	0	0	0	0.43902439	
2020-12-10T00:00:00.000Z	0.051428571	0.125714286	0.108571429	0	0	0	0.285714286	0	0	0.011428571	0	0	0	0.417142857	
2020-12-11T00:00:00.000Z	0.028901734	0.115606936	0.10982659	0	0	0	0.352601156	0	0	0.011560694	0	0	0	0.38150289	
2020-12-12T00:00:00.000Z	0.032258065	0.112903226	0.086021505	0	0	0	0.344086022	0	0	0.005376344	0.037634409	0	0	0.38172043	
2020-12-13T00:00:00.000Z	0.036553525	0.093994778	0.078328982	0.005221932	0	0	0.360313316	0	0	0.005221932	0.018276762	0	0	0.402088773	
2020-12-14T00:00:00.000Z	0.0288	0.0864	0.0672	0.0048	0	0	0.3408	0	0	0	0.0112	0	0	0.4608	
2020-12-15T00:00:00.000Z	0.040858018	0.069458631	0.069458631	0.049029622	0	0	0.26557712	0	0	0	0.007150153	0	0	0.498467824	
2020-12-16T00:00:00.000Z	0.047169811	0.066823899	0.062893082	0.047169811	0	0	0.216194969	0	0	0	0.005503145	0	0	0.554245283	
2020-12-17T00:00:00.000Z	0.070588235	0.063157895	0.044582043	0.055727554	0	0	0.182043344	0	0	0.00371517	0.004334365	0	0	0.575851393	
2020-12-18T00:00:00.000Z	0.090252708	0.075812274	0.0433213	0.054151625	0	0	0.137184116	0	0	0.007220217	0.003610108	0	0	0.588447653	
2020-12-19T00:00:00.000Z	0.094545455	0.076363636	0.043636364	0.054545455	0	0	0.138181818	0	0	0.010909091	0	0	0	0.581818182	
2020-12-20T00:00:00.000Z	0.097744361	0.082706767	0.037593985	0.052631579	0	0	0.146616541	0	0	0.011278195	0	0	0	0.571428571	
2020-12-21T00:00:00.000Z	0.109311741	0.089068826	0.032388664	0.056680162	0	0	0.170040486	0	0	0.012145749	0	0	0	0.530364372	
2020-12-22T00:00:00.000Z	0.102459016	0.102459016	0.016393443	0.045081967	0	0	0.204918033	0	0	0.012295082	0	0	0	0.516393443	
2020-12-23T00:00:00.000Z	0.0875	0.1125	0.045833333	0.066666667	0	0	0.233333333	0	0	0.0125	0	0	0	0.441666667	
2020-12-24T00:00:00.000Z	0.058333333	0.108333333	0.0625	0.125	0	0	0.2625	0	0	0.008333333	0	0	0	0.375	
2020-12-25T00:00:00.000Z	0.038314176	0.08045977	0.0651341	0.149425287	0	0	0.298850575	0	0	0.007662835	0	0	0	0.360153257	
2020-12-26T00:00:00.000Z	0.035842294	0.096774194	0.064516129	0.172043011	0	0	0.261648746	0	0	0.003584229	0	0	0	0.365591398	
2020-12-27T00:00:00.000Z	0.036101083	0.104693141	0.064981949	0.19133574	0	0	0.231046931	0	0	0.003610108	0	0	0	0.368231047	
2020-12-28T00:00:00.000Z	0.031690141	0.098591549	0.066901408	0.200704225	0	0	0.218309859	0	0	0.003521127	0	0	0	0.38028169	
2020-12-29T00:00:00.000Z	0.029166667	0.095833333	0.079166667	0.204166667	0	0	0.2125	0	0	0.004166667	0	0	0	0.375	
2020-12-30T00:00:00.000Z	0.025	0.091666667	0.045833333	0.2	0	0.058333333	0.2125	0	0	0.004166667	0	0	0	0.3625	
2020-12-31T00:00:00.000Z	0.030150754	0.08040201	0.030150754	0.170854271	0	0.035175879	0.216080402	0	0	0.005025126	0	0	0	0.432160804	
2021-01-01T00:00:00.000Z	0.027675277	0.099630996	0.016605166	0.138376384	0	0.025830258	0.188191882	0	0	0	0	0	0	0.503690037	
2021-01-02T00:00:00.000Z	0.03058104	0.091743119	0.006116208	0.103975535	0	0.021406728	0.244648318	0	0	0	0	0	0	0.501529052	
2021-01-03T00:00:00.000Z	0.025188917	0.088161209	0.006297229	0.075566751	0	0.017632242	0.270780856	0	0	0.025188917	0	0	0	0.491183879	
2021-01-04T00:00:00.000Z	0.033936652	0.095022624	0.020361991	0.061085973	0	0.015837104	0.278280543	0	0	0.027149321	0	0	0	0.468325792	
2021-01-05T00:00:00.000Z	0.040268456	0.11409396	0.020134228	0.060402685	0	0.013422819	0.255033557	0	0	0.033557047	0	0	0	0.463087248	
2021-01-06T00:00:00.000Z	0.0625	0.097222222	0.048611111	0.041666667	0	0	0.215277778	0	0	0.041666667	0	0	0	0.493055556	
2021-01-07T00:00:00.000Z	0.078014184	0.106382979	0.056737589	0.021276596	0	0	0.191489362	0	0	0.04964539	0	0	0	0.496453901	
2021-01-08T00:00:00.000Z	0.084745763	0.127118644	0.06779661	0.025423729	0	0	0.203389831	0	0	0.059322034	0	0	0	0.43220339	
2021-01-09T00:00:00.000Z	0.072072072	0.162162162	0.072072072	0.027027027	0	0	0.135135135	0	0	0.072072072	0	0	0	0.459459459	
2021-01-10T00:00:00.000Z	0.082568807	0.137614679	0.073394495	0.027522936	0	0	0.110091743	0	0	0.036697248	0	0	0	0.532110092	
2021-01-11T00:00:00.000Z	0.066666667	0.158333333	0.05	0.041666667	0	0	0.108333333	0	0	0.033333333	0	0	0	0.541666667	
2021-01-12T00:00:00.000Z	0.085526316	0.164473684	0.052631579	0.039473684	0	0	0.125	0	0	0.019736842	0	0	0	0.513157895	
2021-01-13T00:00:00.000Z	0.093167702	0.180124224	0.02484472	0.031055901	0	0	0.124223602	0	0	0.01242236	0	0	0	0.534161491	
2021-01-14T00:00:00.000Z	0.093023256	0.174418605	0.023255814	0.040697674	0	0	0.127906977	0	0	0.005813953	0	0	0.005813953	0.529069767	
2021-01-15T00:00:00.000Z	0.108247423	0.159793814	0.030927835	0.051546392	0	0	0.118556701	0	0	0.010309278	0	0	0.010309278	0.510309278	
2021-01-16T00:00:00.000Z	0.148514851	0.148514851	0.034653465	0.04950495	0	0	0.133663366	0	0	0.004950495	0	0	0.00990099	0.47029703	
2021-01-17T00:00:00.000Z	0.161904762	0.157142857	0.042857143	0.057142857	0	0	0.133333333	0	0	0.004761905	0	0	0.014285714	0.428571429	
2021-01-18T00:00:00.000Z	0.172727273	0.15	0.040909091	0.063636364	0	0	0.136363636	0	0	0.009090909	0	0	0.013636364	0.413636364	
2021-01-19T00:00:00.000Z	0.173076923	0.144230769	0.033653846	0.091346154	0	0	0.125	0	0	0.014423077	0	0	0.014423077	0.403846154	
2021-01-20T00:00:00.000Z	0.179723502	0.133640553	0.032258065	0.115207373	0	0	0.138248848	0	0	0.013824885	0	0	0.013824885	0.373271889	
2021-01-21T00:00:00.000Z	0.171296296	0.152777778	0.027777778	0.106481481	0	0	0.152777778	0	0	0.013888889	0	0	0.013888889	0.361111111	
2021-01-22T00:00:00.000Z	0.171296296	0.175925926	0.018518519	0.115740741	0	0	0.148148148	0	0	0.009259259	0	0	0.009259259	0.351851852	
2021-01-23T00:00:00.000Z	0.149038462	0.163461538	0.019230769	0.120192308	0	0	0.134615385	0	0	0.009615385	0	0	0.009615385	0.394230769	
2021-01-24T00:00:00.000Z	0.141361257	0.167539267	0.010471204	0.120418848	0	0	0.136125654	0	0	0.010471204	0	0	0.005235602	0.408376963	
2021-01-25T00:00:00.000Z	0.142045455	0.1875	0.005681818	0.102272727	0	0	0.119318182	0	0	0.005681818	0	0	0.005681818	0.431818182	
2021-01-26T00:00:00.000Z	0.142857143	0.188311688	0.006493506	0.084415584	0	0	0.12987013	0	0	0	0	0	0.006493506	0.441558442	
2021-01-27T00:00:00.000Z	0.102189781	0.218978102	0.00729927	0.072992701	0	0	0.109489051	0	0	0	0	0	0.00729927	0.481751825	
2021-01-28T00:00:00.000Z	0.105263158	0.195488722	0.015037594	0.07518797	0	0	0.082706767	0	0	0	0	0	0.007518797	0.518796992	
2021-01-29T00:00:00.000Z	0.094827586	0.163793103	0.025862069	0.043103448	0	0	0.086206897	0	0	0.00862069	0	0	0.00862069	0.568965517	
2021-01-30T00:00:00.000Z	0.079646018	0.168141593	0.017699115	0.03539823	0	0	0.088495575	0	0	0.044247788	0	0	0.017699115	0.548672566	
2021-01-31T00:00:00.000Z	0.066666667	0.158333333	0.016666667	0.041666667	0	0	0.091666667	0	0	0.041666667	0	0	0.016666667	0.566666667	
2021-02-01T00:00:00.000Z	0.067226891	0.12605042	0.016806723	0.050420168	0	0	0.092436975	0	0	0.042016807	0	0	0.025210084	0.579831933	
2021-02-02T00:00:00.000Z	0.067669173	0.105263158	0.015037594	0.037593985	0	0	0.07518797	0	0	0.120300752	0	0	0.030075188	0.54887218	
2021-02-03T00:00:00.000Z	0.118556701	0.072164948	0.025773196	0.020618557	0	0	0.103092784	0	0	0.108247423	0	0	0.030927835	0.520618557	
2021-02-04T00:00:00.000Z	0.12755102	0.076530612	0.020408163	0.040816327	0	0	0.102040816	0	0	0.112244898	0	0	0.030612245	0.489795918	
2021-02-05T00:00:00.000Z	0.123076923	0.082051282	0.020512821	0.041025641	0	0	0.092307692	0	0	0.107692308	0	0	0.030769231	0.502564103	
2021-02-06T00:00:00.000Z	0.127906977	0.073643411	0.046511628	0.042635659	0	0	0.069767442	0	0	0.081395349	0	0	0.023255814	0.534883721	
2021-02-07T00:00:00.000Z	0.131274131	0.073359073	0.046332046	0.038610039	0	0	0.073359073	0	0	0.088803089	0	0	0.023166023	0.525096525	
2021-02-08T00:00:00.000Z	0.127819549	0.078947368	0.04887218	0.052631579	0	0	0.078947368	0	0	0.090225564	0	0	0.018796992	0.503759398	
2021-02-09T00:00:00.000Z	0.130434783	0.079051383	0.063241107	0.063241107	0	0	0.075098814	0	0	0.051383399	0	0	0.023715415	0.513833992	
2021-02-10T00:00:00.000Z	0.128205128	0.092307692	0.071794872	0.087179487	0	0	0.041025641	0	0	0.046153846	0	0	0.020512821	0.512820513	
2021-02-11T00:00:00.000Z	0.114893617	0.119148936	0.085106383	0.068085106	0	0	0.046808511	0	0	0.059574468	0	0	0.017021277	0.489361702	
2021-02-12T00:00:00.000Z	0.109311741	0.109311741	0.089068826	0.072874494	0	0	0.056680162	0	0	0.089068826	0	0	0.016194332	0.457489879	
2021-02-13T00:00:00.000Z	0.079295154	0.114537445	0.061674009	0.070484581	0	0	0.127753304	0	0	0.105726872	0	0.092511013	0.017621145	0.330396476	
2021-02-14T00:00:00.000Z	0.071428571	0.121848739	0.058823529	0.067226891	0	0	0.134453782	0	0	0.113445378	0	0.088235294	0.016806723	0.327731092	
2021-02-15T00:00:00.000Z	0.087155963	0.084862385	0.041284404	0.091743119	0	0.004587156	0.142201835	0.048165138	0.016055046	0.172018349	0	0.064220183	0.018348624	0.229357798	
2021-02-16T00:00:00.000Z	0.0748609	0.072837633	0.042488619	0.084977238	0	0.004046535	0.137582195	0.02124431	0.02124431	0.222559433	0	0.095599393	0.014162873	0.20839656	
2021-02-17T00:00:00.000Z	0.070248471	0.068297125	0.042929621	0.080005204	0	0.003902693	0.142448289	0.013659425	0.022765708	0.240015611	0	0.073760895	0.017562118	0.224404839	
2021-02-18T00:00:00.000Z	0.062880325	0.046653144	0.050709939	0.085192698	0	0.004056795	0.146044625	0.010649087	0.02484787	0.263691684	0	0.063894523	0.020283976	0.221095335	
2021-02-19T00:00:00.000Z	0.064516129	0.04233871	0.050403226	0.090725806	0	0.006048387	0.143145161	0.008467742	0.019758065	0.252016129	0.004032258	0.054435484	0.026209677	0.237903226	
2021-02-20T00:00:00.000Z	0.05906637	0.032391235	0.064782471	0.10670054	0	0.007621467	0.125754208	0.008891712	0.015560495	0.243886948	0.003810734	0.045728803	0.036201969	0.249603049	
2021-02-21T00:00:00.000Z	0.064516129	0.026565465	0.068311195	0.10626186	0	0.009487666	0.134724858	0.007590133	0.015180266	0.237191651	0.003795066	0.039848197	0.039848197	0.246679317	
2021-02-22T00:00:00.000Z	0.041994751	0.018372703	0.086614173	0.078740157	0	0.007874016	0.115485564	0.007874016	0.018372703	0.230971129	0.005249344	0.039370079	0.065616798	0.283464567	
2021-02-23T00:00:00.000Z	0.045698925	0.02688172	0.080645161	0.094086022	0	0.01344086	0.112903226	0.01344086	0.016129032	0.209677419	0.005376344	0	0.072580645	0.309139785	
2021-02-24T00:00:00.000Z	0.038167939	0.038167939	0.089058524	0.117048346	0	0.012722646	0.114503817	0.015267176	0.010178117	0.201017812	0.005089059	0	0.086513995	0.272264631	
2021-02-25T00:00:00.000Z	0.044554455	0.03960396	0.069306931	0.126237624	0	0.012376238	0.108910891	0.014851485	0.007425743	0.232673267	0.004950495	0.002475248	0.079207921	0.257425743	
2021-02-26T00:00:00.000Z	0.038626609	0.036480687	0.066523605	0.128755365	0	0.012875536	0.113733906	0.019313305	0.025751073	0.274678112	0	0.002145923	0.066523605	0.214592275	
2021-02-27T00:00:00.000Z	0.047930283	0.037037037	0.052287582	0.11546841	0	0.010893246	0.11328976	0.017429194	0.026143791	0.311546841	0.004357298	0.006535948	0.05664488	0.20043573	
2021-02-28T00:00:00.000Z	0.042105263	0.037894737	0.052631579	0.134736842	0	0.008421053	0.096842105	0.021052632	0.025263158	0.32	0.006315789	0.006315789	0.052631579	0.195789474	
2021-03-01T00:00:00.000Z	0.039665971	0.029227557	0.06263048	0.14822547	0	0.010438413	0.087682672	0.020876827	0.039665971	0.315240084	0.006263048	0.006263048	0.048016701	0.185803758	
2021-03-02T00:00:00.000Z	0.050314465	0.029350105	0.062893082	0.146750524	0	0.014675052	0.096436059	0.025157233	0.037735849	0.285115304	0.006289308	0.016771488	0.054507338	0.174004193	
2021-03-03T00:00:00.000Z	0.051612903	0.030107527	0.053763441	0.133333333	0	0.019354839	0.088172043	0.027956989	0.038709677	0.294623656	0.006451613	0.023655914	0.053763441	0.178494624	
2021-03-04T00:00:00.000Z	0.05907173	0.029535865	0.063291139	0.128691983	0	0.02742616	0.094936709	0.03164557	0.035864979	0.246835443	0.010548523	0.021097046	0.067510549	0.183544304	
2021-03-05T00:00:00.000Z	0.110647182	0.027139875	0.060542797	0.118997912	0	0.022964509	0.077244259	0.027139875	0.016701461	0.229645094	0.010438413	0.025052192	0.066805846	0.206680585	
2021-03-06T00:00:00.000Z	0.118503119	0.031185031	0.064449064	0.118503119	0	0.022869023	0.064449064	0.031185031	0.016632017	0.243243243	0.014553015	0.020790021	0.064449064	0.189189189	
2021-03-07T00:00:00.000Z	0.140206186	0.028865979	0.059793814	0.103092784	0	0.024742268	0.063917526	0.028865979	0.016494845	0.24742268	0.01443299	0.020618557	0.065979381	0.18556701	
2021-03-08T00:00:00.000Z	0.149606299	0.027559055	0.057086614	0.090551181	0	0.027559055	0.068897638	0.031496063	0.001968504	0.265748031	0.023622047	0.021653543	0.05511811	0.179133858	
2021-03-09T00:00:00.000Z	0.138832998	0.024144869	0.058350101	0.104627767	0	0.026156942	0.072434608	0.024144869	0.004024145	0.285714286	0.026156942	0.012072435	0.050301811	0.173038229	
2021-03-10T00:00:00.000Z	0.147474747	0.018181818	0.056565657	0.121212121	0.028282828	0.028282828	0.076767677	0.02020202	0.004040404	0.274747475	0.026262626	0.006060606	0.038383838	0.153535354	
2021-03-11T00:00:00.000Z	0.14790287	0.015452539	0.048565121	0.123620309	0.015452539	0.022075055	0.070640177	0.017660044	0.006622517	0.311258278	0.041942605	0.006622517	0.033112583	0.139072848	
2021-03-12T00:00:00.000Z	0.106309421	0.018150389	0.044079516	0.142610199	0.012100259	0.025929127	0.082973207	0.018150389	0.012964564	0.318928263	0.051858254	0.002592913	0.046672429	0.116681072	
2021-03-13T00:00:00.000Z	0.105997211	0.016736402	0.041841004	0.158995816	0.009762901	0.033472803	0.078103208	0.013947001	0.013947001	0.30404463	0.050209205	0.005578801	0.050209205	0.117154812	
2021-03-14T00:00:00.000Z	0.08793208	0.021224985	0.04244997	0.166767738	0.008489994	0.033353548	0.072771377	0.015160703	0.015160703	0.312310491	0.054578532	0.006064281	0.048514251	0.115221346	
2021-03-15T00:00:00.000Z	0.063124671	0.028406102	0.025249868	0.183061547	0.018411362	0.025249868	0.072593372	0.006312467	0.018937401	0.287217254	0.094687007	0.015781168	0.047343503	0.113624408	
2021-03-16T00:00:00.000Z	0.105263158	0.027863777	0.021671827	0.154798762	0.024767802	0.024767802	0.052631579	0.009287926	0.015479876	0.291021672	0.095975232	0.015479876	0.040247678	0.120743034	
2021-03-17T00:00:00.000Z	0.08411215	0.021806854	0.018691589	0.137071651	0.018691589	0.021806854	0.046728972	0.012461059	0.015576324	0.323987539	0.102803738	0.015576324	0.046728972	0.133956386	
2021-03-18T00:00:00.000Z	0.102409639	0.024096386	0.015060241	0.135542169	0.018072289	0.024096386	0.048192771	0.015060241	0.012048193	0.328313253	0.093373494	0.021084337	0.039156627	0.123493976	
2021-03-19T00:00:00.000Z	0.126404494	0.025280899	0.016853933	0.123595506	0.016853933	0.036516854	0.039325843	0.02247191	0.005617978	0.331460674	0.087078652	0.019662921	0.033707865	0.115168539	
2021-03-20T00:00:00.000Z	0.119777159	0.022284123	0.011142061	0.125348189	0.016713092	0.030640669	0.036211699	0.022284123	0.008356546	0.353760446	0.08913649	0.016713092	0.036211699	0.111420613	
2021-03-21T00:00:00.000Z	0.116477273	0.017045455	0.011363636	0.133522727	0.017045455	0.036931818	0.036931818	0.022727273	0.005681818	0.349431818	0.090909091	0.017045455	0.036931818	0.107954545	
2021-03-22T00:00:00.000Z	0.129032258	0.012903226	0.009677419	0.138709677	0.009677419	0.04516129	0.029032258	0.022580645	0.003225806	0.390322581	0.05483871	0.006451613	0.038709677	0.109677419	
2021-03-23T00:00:00.000Z	0.1	0.010714286	0.003571429	0.139285714	0	0.046428571	0.021428571	0.025	0.003571429	0.432142857	0.060714286	0.007142857	0.046428571	0.103571429	
2021-03-24T00:00:00.000Z	0.11452514	0.025139665	0.002793296	0.148044693	0.027932961	0.044692737	0.016759777	0.022346369	0.008379888	0.363128492	0.053072626	0.005586592	0.030726257	0.136871508	
2021-03-25T00:00:00.000Z	0.127604167	0.020833333	0.002604167	0.153645833	0.026041667	0.0390625	0.013020833	0.020833333	0.0078125	0.354166667	0.065104167	0.002604167	0.03125	0.135416667	
2021-03-26T00:00:00.000Z	0.116945107	0.023866348	0.002386635	0.136038186	0.052505967	0.028639618	0.011933174	0.021479714	0.009546539	0.38424821	0.062052506	0.007159905	0.021479714	0.121718377	
2021-03-27T00:00:00.000Z	0.119512195	0.026829268	0.002439024	0.13902439	0.053658537	0.031707317	0.012195122	0.02195122	0.007317073	0.37804878	0.06097561	0.007317073	0.017073171	0.12195122	
2021-03-28T00:00:00.000Z	0.118357488	0.026570048	0.002415459	0.1352657	0.053140097	0.026570048	0.012077295	0.02173913	0.009661836	0.384057971	0.06763285	0.007246377	0.016908213	0.118357488	
2021-03-28T23:00:00.000Z	0.115942029	0.026570048	0.004830918	0.125603865	0.053140097	0.024154589	0.012077295	0.02173913	0.009661836	0.388888889	0.074879227	0.007246377	0.019323671	0.115942029	
2021-03-29T23:00:00.000Z	0.11662531	0.027295285	0.007444169	0.133995037	0.054590571	0.019851117	0.012406948	0.019851117	0.009925558	0.379652605	0.089330025	0.012406948	0	0.11662531	
2021-03-30T23:00:00.000Z	0.142433234	0.023738872	0.008902077	0.103857567	0.035608309	0.011869436	0.005934718	0.017804154	0.005934718	0.439169139	0.127596439	0.017804154	0	0.059347181	
2021-03-31T23:00:00.000Z	0.111801242	0.027950311	0.00931677	0.099378882	0.037267081	0.01552795	0.01242236	0.01863354	0.01552795	0.450310559	0.133540373	0.01552795	0	0.052795031	
2021-04-01T23:00:00.000Z	0.1	0.025	0.016666667	0.120833333	0	0.020833333	0	0.020833333	0.020833333	0.425	0.170833333	0.016666667	0	0.0625	
2021-04-02T23:00:00.000Z	0.100456621	0.02739726	0	0.095890411	0	0.01826484	0	0.02283105	0.02739726	0.438356164	0.191780822	0.01826484	0	0.059360731	
2021-04-03T23:00:00.000Z	0.103960396	0.02970297	0	0.089108911	0	0.01980198	0	0.01980198	0.024752475	0.435643564	0.198019802	0.01980198	0	0.059405941	
2021-04-04T23:00:00.000Z	0.101449275	0.033816425	0	0.086956522	0	0.019323671	0	0.019323671	0.024154589	0.45410628	0.193236715	0.019323671	0	0.048309179	
2021-04-05T23:00:00.000Z	0.11790393	0.048034934	0	0.069868996	0	0.026200873	0	0.021834061	0.021834061	0.441048035	0.19650655	0.021834061	0	0.034934498	
2021-04-06T23:00:00.000Z	0.060747664	0.03271028	0	0.093457944	0.004672897	0.028037383	0	0.03271028	0.051401869	0.434579439	0.205607477	0.023364486	0	0.03271028	
2021-04-07T23:00:00.000Z	0.05625	0.04375	0	0.075	0.00625	0.03125	0	0.04375	0.05	0.46875	0.2	0	0	0.025	
2021-04-08T23:00:00.000Z	0.063380282	0.049295775	0	0.063380282	0.007042254	0.021126761	0	0	0.049295775	0.507042254	0.225352113	0	0	0.014084507	
2021-04-09T23:00:00.000Z	0.064516129	0.048387097	0	0.072580645	0.008064516	0.024193548	0	0	0.056451613	0.467741935	0.241935484	0	0	0.016129032	
2021-04-10T23:00:00.000Z	0.060606061	0.045454545	0	0.068181818	0.007575758	0.022727273	0	0	0.053030303	0.507575758	0.21969697	0	0	0.015151515	
2021-04-11T23:00:00.000Z	0.189189189	0.091891892	0	0.043243243	0.032432432	0.032432432	0	0	0.048648649	0.4	0.12972973	0	0	0.032432432	
2021-04-12T23:00:00.000Z	0	0	0	0.068965517	0	0	0	0	0.103448276	0.632183908	0.137931034	0	0	0.057471264	
2021-04-13T23:00:00.000Z	0	0	0	0	0	0	0	0	0.0625	0.8125	0.041666667	0	0	0.083333333	
2021-04-14T23:00:00.000Z	0	0	0	0	0	0	0	0	0.065217391	0.804347826	0.043478261	0	0	0.086956522	
2021-04-15T23:00:00.000Z	0	0	0	0	0	0	0	0	0.065217391	0.804347826	0.043478261	0	0	0.086956522	
2021-04-16T23:00:00.000Z	0	0	0	0	0	0	0	0	0.04	0.74	0.14	0	0	0.08	
2021-04-17T23:00:00.000Z	0	0	0	0.025641026	0	0	0	0	0.051282051	0.397435897	0.448717949	0	0	0.076923077	
2021-04-18T23:00:00.000Z	0	0	0	0	0	0	0	0	0	0	1	0	0	0	
2021-04-19T23:00:00.000Z	0	0	0	0	0	0	0	0	0	0	1	0	0	0	
2021-04-20T23:00:00.000Z	0	0	0	0	0	0	0	0	0	0	1	0	0	0	
2021-04-21T23:00:00.000Z	0	0	0	0	0	0	0	0	0	0	1	0	0	0	
2021-04-22T23:00:00.000Z	0	0	0	0	0	0	0	0	0	0	1	0	0	0	
2021-04-23T23:00:00.000Z	0	0	0	0	0	0	0	0	0	0	1	0	0	0	